{    "settings":    {      "project": "file:///D%3A/delphi-socket/20201220BigDataSend/Client/Client.dpr",      "dllname": "dcc32270.dll",      "dccOptions": "-$O- -$W+ -LUCommonPackage;DBXSqliteDriver;RESTComponents;fmxase;DBXDb2Driver;DBXInterBaseDriver;VCLZipD2010_4;vclactnband;vclFireDAC;bindcompvclsmp;emsclientfiredac;tethering;svnui;DataSnapFireDAC;FireDACADSDriver;DBXMSSQLDriver;DatasnapConnectorsFreePascal;FireDACMSSQLDriver;vcltouch;vcldb;bindcompfmx;svn;DBXOracleDriver;inetdb;emsedge;fmx;FireDACIBDriver;fmxdae;vcledge;FireDACDBXDriver;dbexpress;IndyCore;vclx;dsnap;emsclient;DataSnapCommon;FireDACCommon;RESTBackendComponents;DataSnapConnectors;VCLRESTComponents;soapserver;vclie;KeyMapping;bindengine;DBXMySQLDriver;CloudService;FireDACOracleDriver;FireDACMySQLDriver;DBXFirebirdDriver;FireDACCommonODBC;FireDACCommonDriver;DataSnapClient;inet;IndyIPCommon;bindcompdbx;vcl;IndyIPServer;DBXSybaseASEDriver;IndySystem;FireDACDb2Driver;dsnapcon;FireDACMSAccDriver;fmxFireDAC;FireDACInfxDriver;vclimg;FireDAC;emshosting;FireDACSqliteDriver;FireDACPgDriver;FireDACASADriver;DBXOdbcDriver;FireDACTDataDriver;soaprtl;DbxCommonDriver;DataSnapServer;xmlrtl;soapmidas;DataSnapNativeClient;fmxobj;vclwinx;FireDACDSDriver;rtl;emsserverresource;DbxClientDriver;DBXSybaseASADriver;CustomIPTransport;vcldsnap;bindcomp;appanalytics;DBXInformixDriver;IndyIPClient;bindcompvcl;dbxcds;VclSmp;adortl;FireDACODBCDriver;DataSnapIndy10ServerTransport;dsnapxml;DataSnapProviderClient;dbrtl;IndyProtocols;inetdbxpress;FireDACMongoDBDriver;DataSnapServerMidas --no-config -Q -TX.exe -AGenerics.Collections=System.Generics.Collections;Generics.Defaults=System.Generics.Defaults;WinTypes=Winapi.Windows;WinProcs=Winapi.Windows;DbiTypes=BDE;DbiProcs=BDE;DbiErrs=BDE -DDEBUG -E.\\Win32\\Debug -Id:\\embarcadero\\studio\\lib\\Win32\\debug;\"D:\\\u7F51\u7EDC\u8BFE\u7A0B\\Delphi\u7B2C\u4E8C\u5B63\\delphi-socket\\CommonPackage\\bin\";d:\\embarcadero\\studio\\lib\\Win32\\release;C:\\Users\\Administrator\\Documents\\Embarcadero\\Studio\\21.0\\Imports;d:\\embarcadero\\studio\\Imports;C:\\Users\\Public\\Documents\\Embarcadero\\Studio\\21.0\\Dcp;d:\\embarcadero\\studio\\include;D:\\workspace\\delphi\\CEF4Delphi\\source;D:\\workspace\\delphi\\CEF4Delphi\\bin;D:\\workspace\\delphi\\CEF4Delphi\\packages -LEC:\\Users\\Public\\Documents\\Embarcadero\\Studio\\21.0\\Bpl -LNC:\\Users\\Public\\Documents\\Embarcadero\\Studio\\21.0\\Dcp -NU.\\Win32\\Debug -NSWinapi;System.Win;Data.Win;Datasnap.Win;Web.Win;Soap.Win;Xml.Win;Bde;System;Xml;Data;Datasnap;Web;Soap; -O\"D:\\\u7F51\u7EDC\u8BFE\u7A0B\\Delphi\u7B2C\u4E8C\u5B63\\delphi-socket\\CommonPackage\\bin\";d:\\embarcadero\\studio\\lib\\Win32\\release;C:\\Users\\Administrator\\Documents\\Embarcadero\\Studio\\21.0\\Imports;d:\\embarcadero\\studio\\Imports;C:\\Users\\Public\\Documents\\Embarcadero\\Studio\\21.0\\Dcp;d:\\embarcadero\\studio\\include;D:\\workspace\\delphi\\CEF4Delphi\\source;D:\\workspace\\delphi\\CEF4Delphi\\bin;D:\\workspace\\delphi\\CEF4Delphi\\packages -R\"D:\\\u7F51\u7EDC\u8BFE\u7A0B\\Delphi\u7B2C\u4E8C\u5B63\\delphi-socket\\CommonPackage\\bin\";d:\\embarcadero\\studio\\lib\\Win32\\release;C:\\Users\\Administrator\\Documents\\Embarcadero\\Studio\\21.0\\Imports;d:\\embarcadero\\studio\\Imports;C:\\Users\\Public\\Documents\\Embarcadero\\Studio\\21.0\\Dcp;d:\\embarcadero\\studio\\include;D:\\workspace\\delphi\\CEF4Delphi\\source;D:\\workspace\\delphi\\CEF4Delphi\\bin;D:\\workspace\\delphi\\CEF4Delphi\\packages -Ud:\\embarcadero\\studio\\lib\\Win32\\debug;\"D:\\\u7F51\u7EDC\u8BFE\u7A0B\\Delphi\u7B2C\u4E8C\u5B63\\delphi-socket\\CommonPackage\\bin\";d:\\embarcadero\\studio\\lib\\Win32\\release;C:\\Users\\Administrator\\Documents\\Embarcadero\\Studio\\21.0\\Imports;d:\\embarcadero\\studio\\Imports;C:\\Users\\Public\\Documents\\Embarcadero\\Studio\\21.0\\Dcp;d:\\embarcadero\\studio\\include;D:\\workspace\\delphi\\CEF4Delphi\\source;D:\\workspace\\delphi\\CEF4Delphi\\bin;D:\\workspace\\delphi\\CEF4Delphi\\packages -CC -V -VN -NBC:\\Users\\Public\\Documents\\Embarcadero\\Studio\\21.0\\Dcp -NHC:\\Users\\Public\\Documents\\Embarcadero\\Studio\\21.0\\hpp\\Win32 -NO.\\Win32\\Debug -LU"      ,      "projectFiles":[       ]      ,      "includeDCUsInUsesCompletion": true,      "browsingPaths": [         "file:///d%3A/embarcadero/studio/OCX/Servers","file:///d%3A/embarcadero/studio/SOURCE/VCL","file:///d%3A/embarcadero/studio/SOURCE/VCL/AppAnalytics","file:///d%3A/embarcadero/studio/source/rtl/common","file:///d%3A/embarcadero/studio/SOURCE/RTL/SYS","file:///d%3A/embarcadero/studio/source/rtl/win","file:///d%3A/embarcadero/studio/source/rtl/win/winrt","file:///d%3A/embarcadero/studio/source/ToolsAPI","file:///d%3A/embarcadero/studio/SOURCE/IBX","file:///d%3A/embarcadero/studio/source/Internet","file:///d%3A/embarcadero/studio/SOURCE/PROPERTY%20EDITORS","file:///d%3A/embarcadero/studio/source/soap","file:///d%3A/embarcadero/studio/SOURCE/XML","file:///d%3A/embarcadero/studio/source/Indy10/Core","file:///d%3A/embarcadero/studio/source/Indy10/System","file:///d%3A/embarcadero/studio/source/Indy10/Protocols","file:///d%3A/embarcadero/studio/source/fmx","file:///d%3A/embarcadero/studio/source/databinding/components","file:///d%3A/embarcadero/studio/source/databinding/engine","file:///d%3A/embarcadero/studio/source/databinding/graph","file:///d%3A/embarcadero/studio/source/data","file:///d%3A/embarcadero/studio/source/data/ado","file:///d%3A/embarcadero/studio/source/data/bde","file:///d%3A/embarcadero/studio/source/data/cloud","file:///d%3A/embarcadero/studio/source/data/datasnap","file:///d%3A/embarcadero/studio/source/data/dbx","file:///d%3A/embarcadero/studio/source/data/dsnap","file:///d%3A/embarcadero/studio/source/data/Test","file:///d%3A/embarcadero/studio/source/data/vclctrls","file:///d%3A/embarcadero/studio/source/data/datasnap/connectors","file:///d%3A/embarcadero/studio/source/data/datasnap/proxygen","file:///d%3A/embarcadero/studio/source/DataExplorer","file:///d%3A/embarcadero/studio/source/DUnit/Contrib/DUnitWizard/Source/Common","file:///d%3A/embarcadero/studio/source/DUnit/Contrib/DUnitWizard/Source/Common/dunit","file:///d%3A/embarcadero/studio/source/DUnit/Contrib/DUnitWizard/Source/DelphiExperts/Common","file:///d%3A/embarcadero/studio/source/DUnit/Contrib/DUnitWizard/Source/DelphiExperts/DUnitProject","file:///d%3A/embarcadero/studio/source/DUnit/Contrib/DUnitWizard/Source/DelphiExperts/DUnitProject/dunit","file:///d%3A/embarcadero/studio/source/DUnit/src","file:///d%3A/embarcadero/studio/source/DUnit/tests","file:///d%3A/embarcadero/studio/source/Experts","file:///d%3A/embarcadero/studio/source/indy/abstraction","file:///d%3A/embarcadero/studio/source/indy/implementation","file:///d%3A/embarcadero/studio/source/indyimpl","file:///d%3A/embarcadero/studio/source/LiveTile","file:///d%3A/embarcadero/studio/source/Property%20Editors/Indy10","file:///d%3A/embarcadero/studio/source/soap/wsdlimporter","file:///d%3A/embarcadero/studio/source/Visualizers","file:///d%3A/embarcadero/studio/source/xtab","file:///d%3A/embarcadero/studio/source/DUnit/Contrib/XMLReporting","file:///d%3A/embarcadero/studio/source/DUnit/Contrib/XPGen","file:///d%3A/embarcadero/studio/source/data/rest","file:///d%3A/embarcadero/studio/source/data/firedac","file:///d%3A/embarcadero/studio/source/tethering","file:///d%3A/embarcadero/studio/source/DUnitX","file:///d%3A/embarcadero/studio/source/data/ems","file:///d%3A/embarcadero/studio/source/rtl/net","file:///d%3A/embarcadero/studio/source/FlatBox2D"      ]    }  }